User ID;Food ID;Rating
1;1668;8
1;1437;9
1;994;9
1;925;7
2;823;10
3;2;5
3;1660;3
3;941;10
4;1167;2
5;467;0
6;742;7
6;432;2
7;447;3
8;1197;6
8;1024;7
8;870;5
9;982;2
10;1483;6
11;306;10
11;158;0
12;758;4
13;454;6
13;733;1
13;109;0
14;1641;8
14;378;3
16;550;10
16;912;10
16;1291;5
17;602;4
17;1811;3
17;1634;7
18;1191;6
18;1918;0
18;368;7
19;1771;3
21;269;5
21;1706;9
21;1259;4
21;1486;6
21;534;9
22;236;0
22;262;3
22;1894;8
24;583;8
25;1565;6
25;804;1
25;1862;4
25;100;2
26;347;4
27;544;7
30;275;3
30;271;5
30;607;10
34;1045;7
34;1140;3
34;1213;10
35;1559;9
37;1107;2
37;25;2
37;1454;7
38;913;10
39;1365;10
41;1942;10
43;617;7
43;1693;1
44;1340;7
44;936;10
44;1954;7
45;408;10
45;1390;6
45;54;10
46;1689;6
46;1263;10
47;469;1
47;1123;5
47;56;7
48;417;9
49;506;9
51;1903;2
51;1847;0
51;1899;1
51;869;2
52;1712;0
52;1456;5
52;1781;0
54;1056;0
54;1608;3
56;888;10
56;1145;10
56;144;7
57;1565;10
57;1395;7
58;945;5
58;246;2
59;220;8
61;1798;3
61;1668;2
61;1979;2
61;631;8
62;621;5
64;380;9
64;1827;2
64;1474;9
65;1685;5
66;1498;10
66;1363;6
68;1561;6
68;193;0
69;1771;4
70;1444;5
70;654;10
72;898;6
72;5;9
74;1008;3
74;1284;9
74;1932;8
75;1614;3
77;626;3
78;1962;4
79;1067;6
79;1539;2
79;1752;9
79;777;8
79;1175;1
80;349;9
80;1571;5
83;474;0
83;663;1
83;697;5
84;1885;4
86;1917;4
87;1145;2
87;920;4
88;1484;3
88;152;10
88;1537;1
88;171;3
88;67;2
89;1712;9
89;22;4
89;1608;7
89;546;4
90;1778;6
91;1410;0
91;379;2
91;965;9
91;1297;8
92;1449;5
92;1389;0
92;380;9
94;693;9
94;1824;5
95;1574;4
95;1321;1
95;884;10
96;1256;2
96;919;5
96;821;5
96;263;7
99;1241;4
99;18;7
100;1825;2
101;315;0
102;773;1
103;92;0
103;1473;5
103;550;8
104;1123;7
104;1643;0
105;1154;10
106;998;1
106;1869;7
107;423;8
107;1237;4
107;1640;5
108;71;1
108;313;6
109;1138;10
110;196;5
111;716;4
111;940;3
112;1992;2
113;1978;3
113;1341;8
115;432;3
115;551;10
115;8;4
116;643;8
116;1887;1
117;554;5
118;858;8
118;1424;7
119;1559;8
119;594;2
119;394;1
119;302;0
120;139;2
121;1643;6
121;1637;1
122;301;5
122;1043;7
123;78;9
123;1455;2
124;1501;3
124;1145;7
125;1445;7
126;1963;7
128;1596;0
131;1355;0
133;888;6
133;1290;0
133;290;10
133;761;7
134;1347;2
134;628;2
135;834;2
136;1774;3
136;1288;5
136;738;5
136;12;4
137;769;3
138;1885;4
140;345;5
140;330;3
140;1469;4
140;1565;0
143;540;9
143;882;7
145;1006;8
145;1435;1
145;1644;7
146;743;2
146;1813;2
146;1977;0
146;743;1
146;1703;4
147;1237;6
147;15;10
147;389;8
148;1351;3
149;1900;7
149;1869;2
149;763;5
149;1243;3
150;218;4
150;1061;5
150;391;0
150;372;4
151;779;4
152;1545;5
152;114;10
153;355;3
153;538;9
153;182;4
154;447;7
154;1410;1
154;743;6
155;208;1
156;1022;3
156;1976;7
157;659;0
158;383;3
159;658;0
159;1906;5
162;813;3
162;1466;0
162;1170;6
162;710;9
163;1703;4
163;1704;10
164;1402;6
164;1746;10
164;1736;3
165;911;7
165;1835;7
167;94;8
167;1712;6
167;1981;10
168;964;2
169;597;10
169;98;6
172;1762;2
172;371;2
173;751;0
176;1990;4
176;113;1
176;1622;8
177;846;3
177;844;0
179;1490;0
179;698;7
180;969;4
180;919;3
181;466;6
181;1131;3
181;165;1
182;1292;10
183;1257;3
183;1770;10
184;1065;1
184;1287;9
185;274;8
185;290;7
187;1791;4
188;1822;2
190;239;5
190;1447;0
190;1322;2
191;1771;3
192;1962;3
192;339;9
192;776;6
193;1097;9
193;975;1
194;892;8
194;1103;6
194;612;1
195;1281;10
195;1786;4
195;654;10
195;1787;1
197;955;5
197;808;10
197;969;7
198;192;3
199;53;1
199;1509;3
200;1151;10
201;679;9
201;148;10
201;1055;6
204;1134;6
204;1216;3
205;571;1
205;271;2
206;168;9
207;141;3
207;943;1
207;1846;2
208;17;9
208;1635;8
209;634;3
210;1415;1
210;576;5
211;1822;6
211;1766;7
211;1904;6
211;463;0
213;356;0
214;587;8
214;1488;5
215;751;1
215;304;3
215;1464;1
216;221;4
216;405;2
221;929;3
222;1000;3
223;1167;6
223;1311;0
225;1977;7
225;1064;2
225;1237;8
225;1040;9
225;261;9
225;1359;4
227;1317;10
229;1244;9
229;1478;5
230;951;1
230;704;2
230;688;10
231;287;3
232;1589;9
232;1685;1
232;1906;0
233;397;10
233;604;9
234;1810;9
234;1843;3
234;745;9
235;1644;5
235;432;9
235;933;10
237;221;7
237;675;5
238;993;1
238;325;0
239;1809;4
240;905;4
243;390;9
244;677;0
245;1013;7
245;515;4
245;1518;7
246;394;2
246;776;7
247;497;6
247;1027;0
248;1056;7
249;767;0
249;352;2
250;1625;5
250;1838;4
251;392;4
253;1547;0
253;687;10
254;659;2
255;155;3
258;34;7
259;223;10
260;38;3
261;1725;9
261;107;7
261;373;3
261;129;8
261;583;8
263;1465;10
264;62;0
264;916;9
265;744;5
266;1171;9
266;28;9
266;541;7
269;1144;6
269;1518;6
270;1366;4
270;1582;5
271;1105;0
272;196;0
272;907;5
272;10;3
273;1584;8
274;840;10
274;741;2
274;1409;6
275;331;7
276;1841;0
277;753;3
277;1014;6
279;311;2
280;156;6
280;1716;1
281;1514;4
281;198;3
282;1254;9
282;1687;2
283;1381;6
283;747;8
284;1681;4
284;510;1
285;1745;4
286;923;4
286;1608;0
286;1520;7
287;1193;6
288;1360;5
289;69;10
289;746;0
290;1645;4
292;569;10
292;1267;0
294;161;0
294;3;2
294;962;0
294;1234;9
297;791;6
297;701;9
297;381;1
297;1271;9
297;1014;8
298;1901;5
299;606;1
299;1842;4
299;1474;3
300;1691;1
301;1587;3
302;96;5
303;1833;4
303;1107;9
304;1250;8
304;1245;5
305;382;6
307;1143;5
308;578;10
308;1352;9
308;480;8
308;58;9
308;548;5
309;1695;3
310;1693;0
310;1847;6
312;866;7
312;137;7
314;1410;1
316;233;0
317;327;0
317;1479;5
320;149;1
321;1257;1
321;394;0
321;1985;6
322;78;10
322;117;9
322;1547;10
322;948;4
323;952;1
324;884;1
325;519;3
325;1513;9
325;594;4
326;813;0
327;1818;5
327;706;10
328;1769;8
328;525;4
329;1708;0
331;344;0
331;1024;1
331;179;5
331;1460;5
332;791;8
332;198;4
332;803;7
333;871;4
333;84;6
333;502;4
334;338;6
336;991;8
338;364;0
339;1494;6
339;1110;7
339;82;7
339;1277;7
340;198;1
340;581;2
341;1467;4
341;1012;6
341;1017;2
341;365;3
341;1480;3
342;1920;6
342;317;9
342;110;1
342;1379;9
343;404;1
343;1359;6
343;1465;8
344;443;3
345;1969;10
346;1745;0
346;1480;7
346;1497;4
348;1235;10
349;1565;9
350;536;8
350;1586;7
350;482;6
350;1721;2
351;863;8
351;372;1
351;123;10
351;1265;1
352;1134;8
352;137;10
353;193;5
353;418;4
353;38;3
356;1398;7
357;1332;7
358;727;0
359;599;6
360;1147;8
361;856;0
362;1813;2
362;16;0
363;807;9
365;432;1
365;1578;4
365;723;0
366;915;9
367;644;6
367;651;0
368;851;2
369;838;1
369;1141;7
370;1253;1
370;862;6
371;1930;9
371;1499;9
372;729;6
373;1991;1
374;108;1
374;1807;8
375;46;1
376;656;4
376;1516;8
376;1475;3
377;776;9
379;1266;0
379;730;10
379;635;0
380;791;3
381;1550;9
381;1115;7
382;1822;10
382;1328;9
384;137;8
384;700;8
384;899;8
384;716;1
384;1331;7
385;1047;6
386;691;7
386;359;7
387;1895;9
387;997;1
388;1549;4
388;1350;7
391;1163;9
392;432;2
392;873;3
393;946;3
394;76;4
394;1132;9
395;534;10
396;437;3
396;1759;5
396;701;5
398;13;6
398;1657;10
399;975;1
400;1496;4
400;1346;2
400;905;5
402;528;8
402;86;8
403;259;6
404;1296;4
404;996;5
404;1916;6
404;1524;8
405;921;5
405;763;8
405;1684;0
406;1166;8
407;815;10
409;418;0
409;1792;7
409;1047;10
409;743;1
409;1288;2
409;692;1
409;241;3
409;291;10
409;315;5
410;806;6
410;1312;7
412;447;4
413;529;6
414;1671;0
414;1922;7
414;1531;4
414;1837;8
414;405;8
414;1430;1
415;1599;1
415;1981;4
415;679;1
415;375;3
416;25;7
416;1206;10
417;799;7
418;619;0
418;289;7
418;581;6
419;702;1
419;678;8
419;1288;4
419;1376;6
420;1050;0
420;1871;8
420;45;9
420;1596;3
421;245;1
421;1365;5
421;1271;0
422;1282;5
422;1441;2
423;1860;3
423;610;4
424;1039;5
424;1081;2
424;1932;2
427;840;2
428;1058;8
429;1179;8
430;1655;8
430;1876;8
430;1080;4
430;1824;7
430;1643;10
431;1183;7
431;1465;1
431;1260;5
431;463;1
432;1359;7
433;1937;2
433;1090;8
434;281;1
435;691;1
435;1762;5
435;749;9
435;1832;2
436;1412;8
437;584;1
437;1103;7
438;348;0
439;660;3
440;1329;8
441;1341;8
441;758;1
443;981;1
443;10;2
443;1718;2
444;182;7
446;1746;7
448;792;7
449;1069;3
449;1005;1
449;752;3
449;588;1
450;1647;7
451;1355;2
452;1942;5
452;166;3
453;943;3
454;803;9
456;691;3
456;1291;6
456;247;8
458;1183;6
459;1002;1
459;1997;10
459;1298;3
461;10;7
462;441;2
463;1571;10
463;662;1
464;1871;8
465;2000;5
465;336;10
466;170;9
466;566;9
467;1037;6
467;180;8
468;455;1
469;1380;3
469;1634;5
470;1650;10
471;1694;10
472;2;8
473;134;6
474;1674;9
474;1521;6
475;1979;4
475;1732;3
476;1011;0
476;1139;3
476;1092;2
477;1114;7
477;226;0
478;339;2
478;199;8
479;284;3
479;147;6
480;1831;9
481;462;0
481;703;6
482;1817;8
482;354;9
482;1321;5
483;922;8
483;559;8
484;808;0
484;1479;7
486;1405;9
486;687;0
487;142;2
488;1559;8
488;1684;3
489;543;2
489;1558;6
490;1464;7
490;1781;10
491;1230;10
492;673;0
492;1214;7
494;378;10
497;652;10
500;1962;7
500;917;5
502;1715;3
503;1222;7
504;522;2
505;1387;10
506;178;10
508;1549;0
509;1014;4
509;745;7
511;679;2
511;1446;3
512;1275;8
512;1246;0
513;1839;0
514;1400;4
514;1;2
516;538;0
516;331;7
520;1620;4
520;57;5
521;1194;10
521;1339;3
521;1114;0
522;1806;1
522;1581;4
523;1805;3
524;891;8
525;1920;6
525;650;1
526;1293;9
526;714;5
526;633;7
526;1255;8
527;1376;3
528;1031;5
528;290;3
528;150;0
528;1090;8
530;1434;4
533;611;0
534;275;2
534;646;10
535;594;10
535;1998;2
535;1336;6
535;1825;3
536;778;2
536;1090;6
537;399;6
537;518;2
538;859;2
539;1630;8
540;615;9
540;298;5
541;1863;0
542;1353;7
542;1760;10
543;1670;7
544;880;6
544;1335;6
544;1524;9
545;452;5
546;1479;0
547;801;10
547;967;8
547;905;0
548;1430;8
549;253;9
550;747;0
550;986;3
552;365;7
552;1694;3
553;158;1
553;1606;9
556;202;5
556;880;8
556;1780;3
557;1254;8
558;1602;1
559;1190;3
560;1576;3
561;1683;0
561;109;7
561;370;1
564;249;1
565;730;4
566;207;2
566;164;4
567;1354;3
567;1586;1
567;1330;7
567;1700;7
568;201;3
569;786;6
569;1895;8
570;368;9
571;959;2
571;1395;4
571;144;2
572;1459;10
573;1036;5
574;289;1
575;606;1
577;1177;10
578;516;7
579;682;10
580;1863;1
581;1573;7
581;1309;7
582;1741;5
582;850;1
582;196;2
584;1916;6
584;1129;2
584;227;0
584;334;9
584;857;3
589;1602;4
590;42;4
590;1254;8
590;523;0
591;1345;5
591;279;9
592;1787;7
592;1791;10
593;484;4
595;487;0
595;154;2
596;78;2
596;1011;9
597;1107;1
597;51;0
598;863;6
598;1147;3
599;1421;3
600;592;7
600;123;0
600;385;2
600;1624;4
600;1238;0
601;1403;10
602;71;1
602;814;10
602;540;9
603;307;8
603;596;6
605;1229;2
606;26;7
606;1512;6
608;506;8
608;400;6
608;498;2
608;206;2
609;1882;4
610;1465;1
610;1215;7
610;73;0
613;1740;0
613;1602;5
613;1787;8
614;1272;10
614;441;0
615;295;1
615;714;2
615;978;6
616;345;10
616;446;3
617;1496;7
617;834;2
617;1561;8
619;1373;3
619;289;9
620;1353;3
621;1599;4
622;995;2
623;21;0
623;617;2
623;102;9
624;944;7
626;1519;1
626;1566;1
626;787;5
627;236;8
627;1860;5
629;1903;4
630;74;0
630;240;3
630;1958;4
631;1670;9
631;113;7
633;1587;4
633;1899;0
634;1200;8
634;858;9
634;266;6
636;431;0
636;1761;7
637;1523;3
638;95;6
638;381;3
639;57;6
640;481;10
641;1471;3
641;195;1
642;766;4
642;1622;3
643;574;8
643;1324;6
644;1528;4
644;585;0
645;363;2
645;1103;8
646;1756;7
646;636;6
646;44;4
646;879;0
647;441;7
648;550;3
648;325;6
648;442;0
649;784;0
649;971;9
649;1129;4
650;403;4
651;207;7
651;489;4
651;1114;7
651;1297;5
652;1563;8
652;119;4
653;732;8
653;857;5
653;962;0
654;782;9
655;1402;0
655;1921;0
655;171;6
659;1927;4
659;983;7
660;79;2
663;1331;1
663;1771;6
663;1226;3
666;528;1
666;1473;5
667;1142;2
667;1564;3
667;525;5
667;425;0
668;216;10
668;84;10
669;1344;5
669;122;10
669;1628;6
670;1615;8
673;444;8
673;1327;7
674;133;2
674;332;9
676;1327;5
677;1391;0
677;1464;0
677;1318;6
679;1233;1
680;1009;0
680;1114;1
680;1399;7
681;1479;7
681;1536;2
681;542;3
682;433;4
682;1740;6
683;1144;9
683;463;4
683;1611;7
683;219;0
684;1626;4
684;33;4
685;815;10
686;233;3
686;1231;4
687;503;8
687;1112;10
688;205;10
689;1531;10
691;151;10
691;1931;10
692;1362;6
692;1840;1
692;887;2
693;394;3
694;148;6
694;941;6
694;948;3
694;1493;4
695;1169;3
695;1581;10
696;959;8
696;1284;0
697;281;2
699;1387;9
701;1654;8
701;1496;8
701;1635;6
703;304;8
704;1728;8
704;1365;7
705;1519;6
705;429;2
705;246;6
706;1692;3
707;385;5
707;1217;1
708;255;5
708;1352;9
709;1906;10
709;510;1
710;963;0
711;283;6
711;1686;10
711;1714;1
712;298;1
713;1755;5
713;159;4
713;1516;5
713;1838;5
714;408;8
715;615;3
715;1980;3
716;83;4
717;569;2
717;1813;1
717;547;10
717;1879;9
718;1055;7
720;868;8
720;433;4
722;1400;1
722;963;2
723;758;7
725;1914;9
725;1196;2
729;488;0
730;1123;7
730;295;8
732;1626;4
732;115;6
733;1517;1
733;1673;2
735;968;7
735;715;2
735;900;8
735;546;6
736;1793;10
737;7;8
738;1121;7
738;907;5
738;1359;3
739;65;2
739;92;3
740;702;3
741;957;10
742;1971;10
743;116;10
743;1755;8
744;1517;3
744;1512;10
745;1803;9
747;1116;0
747;1855;9
747;1719;10
747;1104;5
748;97;4
748;810;3
749;117;2
749;1362;10
750;469;8
751;744;5
751;315;8
751;1089;3
753;948;9
753;1718;3
754;1088;10
754;1413;5
754;1273;2
755;1744;5
755;363;7
756;516;4
757;1142;8
758;474;3
758;1133;1
758;134;9
759;1924;4
759;362;6
760;1708;2
761;1440;9
761;519;1
761;1112;9
761;1660;7
761;1941;4
761;113;6
762;1948;10
763;686;8
765;31;4
766;971;0
769;1448;5
769;951;8
771;119;7
771;1844;9
771;227;6
773;524;6
773;739;2
773;1494;4
773;1894;4
774;994;4
774;1224;2
775;232;3
778;1657;5
779;227;5
780;834;4
780;733;6
781;1835;8
781;877;0
781;243;4
782;342;5
782;1539;7
784;740;3
785;1183;6
785;721;0
786;1466;9
788;1894;6
789;855;3
789;1961;6
789;1540;7
789;1760;8
789;1694;9
790;216;7
792;1868;10
792;1464;6
793;976;7
793;38;7
793;1586;4
794;1981;1
794;336;8
795;278;1
795;292;0
797;851;6
798;1069;8
799;1398;0
799;672;0
800;765;9
800;427;2
801;1672;4
801;245;10
802;1190;3
803;39;2
803;1299;0
804;820;6
805;1268;8
807;193;5
807;781;0
809;1887;2
809;1648;10
809;984;4
810;1202;0
811;1675;6
814;1548;7
816;1116;5
817;1325;8
818;666;1
818;527;9
819;266;0
819;519;8
819;1719;9
820;1666;8
822;1858;6
822;1531;8
823;1045;1
823;679;10
823;126;2
824;1830;0
824;1253;10
824;1486;0
824;1578;6
826;1671;2
826;424;3
827;103;4
827;754;8
830;1045;4
830;1646;2
830;1433;9
830;186;2
830;305;0
831;694;6
831;1228;2
831;720;10
832;1885;9
833;1013;5
833;1856;1
834;622;8
835;780;5
836;818;6
836;760;9
836;109;7
837;1492;10
837;66;1
838;1039;0
839;1017;1
841;1480;1
842;1369;1
842;1862;9
842;1369;9
843;1542;1
843;882;0
844;1030;9
844;390;1
845;1705;2
845;400;4
847;66;9
847;67;3
847;478;1
848;839;9
848;410;9
848;1229;5
849;1524;7
849;281;9
850;1106;6
851;903;9
852;1863;2
852;91;10
853;1190;1
853;498;8
854;1504;10
854;1031;5
855;393;3
855;1571;9
857;248;3
857;189;10
857;344;5
859;1300;4
860;15;4
860;1797;4
861;512;9
862;549;0
862;729;2
862;1242;9
862;1648;0
863;771;8
865;1039;8
867;1364;0
867;26;0
868;629;7
868;318;0
869;982;10
869;240;5
870;489;6
870;334;0
871;1064;2
871;828;6
871;1153;1
873;81;2
873;150;6
874;1195;8
874;522;9
874;1465;1
877;1200;7
878;1342;7
878;1426;1
879;1941;10
879;864;5
881;1573;9
881;1336;2
882;628;0
882;977;8
883;1214;9
883;1579;9
884;1372;9
886;400;9
887;1889;9
887;346;0
888;1676;6
889;1406;10
890;719;6
890;1696;3
890;476;8
890;501;0
890;270;4
890;717;5
891;1884;6
891;483;7
891;893;3
892;1521;8
892;1707;1
893;856;4
894;656;1
895;1425;2
895;1045;9
895;235;0
896;1346;4
896;1741;1
896;1383;7
898;96;9
899;894;1
900;247;0
900;1380;7
902;1021;8
903;783;8
903;398;1
903;259;2
903;1464;5
904;1232;10
906;1214;8
906;1117;1
908;600;9
910;655;8
911;418;1
912;355;10
912;1012;1
913;295;0
913;450;7
913;436;2
913;734;7
914;71;2
915;330;10
917;762;0
917;1304;1
918;1843;3
918;1375;10
919;881;2
920;1686;0
921;49;7
921;1315;1
921;572;9
922;624;10
922;390;5
922;1154;1
922;1501;6
923;1533;0
924;1612;10
924;1998;6
925;1166;6
926;1421;3
926;594;10
926;1570;9
927;1142;2
927;564;6
927;96;10
928;967;9
930;369;6
930;100;2
930;1951;8
930;510;10
930;72;1
930;1346;4
931;440;6
932;1686;9
932;30;8
933;586;8
934;912;10
934;1024;2
935;1446;0
935;201;5
936;567;4
936;1090;2
936;1248;10
937;214;7
937;698;9
938;946;6
939;1205;3
940;1870;0
942;713;6
945;501;9
946;1586;3
946;1219;3
947;337;10
948;1135;5
950;1907;3
950;430;5
950;1392;3
951;1447;2
952;90;0
953;1061;7
953;1021;3
954;692;10
954;4;2
955;115;7
955;867;1
958;878;3
958;1378;0
959;1193;8
959;1353;3
960;1427;3
960;179;1
960;598;4
961;1212;5
961;95;6
961;707;5
961;1004;2
962;332;10
963;249;10
964;273;4
964;453;10
966;1002;0
966;315;5
967;1423;4
969;676;1
969;1898;7
970;1965;0
970;638;0
971;599;1
972;225;10
973;388;8
974;1216;8
974;415;6
975;1182;2
975;555;10
976;988;6
977;1107;0
977;944;0
978;1108;10
979;773;3
979;1990;7
979;1792;1
980;1972;7
980;554;5
980;783;2
981;769;1
982;1295;10
982;906;10
983;373;8
984;987;0
985;173;0
985;1435;6
985;534;3
986;1565;10
986;1149;0
987;808;1
987;1899;7
988;1500;10
988;751;10
989;344;3
989;1347;7
989;404;8
990;1029;4
990;914;10
991;850;1
994;1591;2
994;730;6
995;346;2
995;729;4
996;1473;0
996;319;6
997;214;7
997;281;10
997;1763;0
997;668;5
998;1628;9
999;1953;10
999;561;1
1000;1795;7
1001;1253;2
1004;941;0
1008;1804;3
1008;1560;10
1009;530;8
1010;685;2
1011;1474;7
1012;1599;0
1012;1318;8
1013;1872;0
1013;250;0
1014;1842;0
1014;1833;1
1015;1805;6
1016;855;6
1016;570;5
1016;28;1
1017;69;0
1018;1293;2
1018;1280;4
1019;1926;5
1019;1897;9
1019;235;6
1020;1267;7
1021;1139;6
1022;1786;1
1022;1222;6
1022;765;9
1022;196;4
1023;1328;2
1025;1204;8
1026;1971;1
1026;1346;1
1027;1384;0
1027;63;6
1027;894;2
1027;13;2
1028;1842;9
1029;1860;10
1029;1602;6
1032;279;10
1032;479;5
1033;1280;1
1033;1354;4
1033;1718;10
1034;638;9
1034;469;3
1035;243;2
1035;429;10
1036;1553;9
1036;73;5
1036;1741;10
1038;1241;10
1039;1098;7
1039;997;8
1039;1679;7
1040;349;2
1041;124;6
1041;1814;5
1041;531;4
1045;87;1
1045;830;9
1045;380;0
1045;367;5
1046;920;6
1046;1098;10
1046;201;1
1046;1345;7
1047;1024;5
1047;1853;5
1047;1039;8
1047;793;0
1047;1719;4
1048;634;9
1048;6;5
1048;1386;8
1048;403;4
1048;1299;0
1049;771;3
1049;138;4
1050;1975;3
1050;56;8
1050;1590;7
1052;347;9
1052;1844;7
1052;1269;10
1053;816;9
1053;1451;10
1054;115;6
1054;398;2
1054;1843;8
1055;1817;4
1056;1160;4
1056;1761;3
1057;809;5
1058;1172;6
1058;38;0
1058;1633;2
1058;317;4
1059;340;6
1060;1264;6
1061;1340;1
1062;760;0
1062;1638;2
1062;1877;4
1064;1389;3
1064;1963;7
1065;52;7
1066;1704;1
1067;1904;0
1067;790;0
1067;1518;9
1069;596;8
1070;726;6
1070;400;4
1071;1028;7
1071;359;1
1072;1168;8
1073;464;9
1073;198;3
1073;1247;4
1074;1549;9
1074;1763;7
1076;1729;2
1076;1659;5
1078;104;0
1078;1045;0
1079;776;3
1079;1167;6
1081;1478;7
1081;1079;4
1082;385;9
1082;1317;6
1082;1468;4
1082;1359;7
1085;1698;6
1085;638;7
1085;972;9
1085;1328;3
1087;1262;3
1088;840;4
1088;37;1
1088;658;3
1089;1484;5
1090;882;7
1090;1825;4
1091;1949;3
1092;1572;8
1094;184;5
1094;1899;2
1094;1516;6
1095;381;10
1095;312;9
1097;396;0
1097;477;4
1100;1112;6
1101;522;8
1102;1894;3
1103;1697;10
1103;768;6
1104;74;7
1105;1283;0
1106;138;6
1107;1496;10
1107;50;6
1109;1573;6
1109;1821;7
1110;687;3
1111;1932;0
1112;643;6
1113;128;1
1113;996;7
1116;1812;5
1117;629;1
1118;1866;4
1118;43;7
1119;1581;3
1119;1229;5
1119;1603;10
1119;1262;1
1119;861;3
1120;1318;6
1120;1922;7
1121;430;8
1124;1107;5
1124;1786;8
1125;1905;3
1127;1684;2
1127;1022;1
1127;552;7
1127;41;9
1128;1878;2
1128;1874;6
1128;678;9
1129;453;4
1130;128;6
1130;1402;9
1130;912;0
1132;431;8
1132;1250;4
1132;1124;7
1133;1101;1
1134;540;2
1135;1991;9
1135;738;7
1135;360;7
1136;1002;8
1137;894;7
1137;491;10
1138;163;2
1138;1345;10
1140;1700;5
1141;1316;4
1142;1994;3
1144;1342;9
1145;1733;3
1145;831;10
1146;498;0
1146;1014;2
1146;1758;8
1147;1813;4
1148;326;8
1149;1550;2
1153;1434;6
1153;732;2
1153;765;10
1155;830;5
1155;174;10
1156;408;4
1156;330;8
1157;369;9
1158;1462;6
1160;1731;8
1161;715;5
1161;1608;7
1161;320;3
1162;582;10
1163;613;2
1165;1098;6
1165;1199;7
1166;1655;6
1167;1970;5
1168;27;0
1168;980;5
1169;1492;6
1170;174;5
1171;564;8
1171;1901;3
1172;1313;2
1174;1283;5
1174;1854;3
1174;93;9
1175;1872;9
1175;1172;7
1176;569;1
1177;1654;0
1178;761;10
1179;1176;3
1179;574;6
1179;1348;8
1179;976;4
1180;944;7
1181;562;10
1183;1938;8
1184;1944;9
1184;659;5
1184;1347;9
1185;409;3
1185;717;3
1186;1606;6
1187;915;6
1187;1184;1
1187;350;4
1187;1260;10
1187;1037;4
1187;1452;4
1188;405;1
1189;737;6
1190;1231;0
1190;1582;3
1190;173;0
1190;78;5
1191;783;5
1192;623;3
1193;1671;10
1193;182;4
1193;1915;10
1193;650;0
1193;1874;5
1194;116;3
1194;9;10
1195;763;7
1195;424;7
1196;211;9
1196;899;4
1196;1402;1
1197;413;5
1197;294;0
1198;632;5
1198;179;10
1198;974;7
1199;887;8
1200;191;6
1200;367;6
1201;785;1
1201;1019;2
1201;245;6
1202;529;0
1202;148;2
1202;1616;1
1203;656;10
1208;443;1
1209;1800;3
1211;904;5
1211;1225;1
1212;773;8
1212;528;5
1213;1368;2
1213;1590;1
1214;1707;5
1215;1423;8
1215;1294;6
1215;306;3
1216;655;10
1216;531;6
1216;1505;4
1217;887;5
1218;43;4
1218;40;5
1219;1324;8
1219;1933;1
1219;20;6
1220;1898;4
1221;859;2
1222;1867;8
1222;604;4
1222;5;5
1222;1813;5
1222;1908;2
1223;959;10
1224;1263;8
1224;1197;9
1224;129;10
1226;1955;6
1226;370;9
1228;892;8
1228;543;4
1229;542;9
1229;1613;2
1229;1508;0
1230;332;7
1230;1901;4
1231;859;1
1231;823;5
1232;1738;1
1233;1147;6
1233;58;0
1234;749;5
1235;731;6
1236;1279;8
1238;610;5
1239;153;6
1240;220;0
1241;1087;7
1241;1143;7
1241;1865;9
1241;212;6
1241;539;4
1243;1673;4
1243;881;4
1244;1901;8
1244;1259;9
1244;979;3
1245;570;9
1245;607;4
1246;1861;4
1246;991;9
1246;1005;3
1247;763;3
1247;1293;1
1247;1779;0
1248;703;8
1249;653;1
1249;1235;2
1249;1542;10
1252;1560;6
1253;629;9
1253;284;9
1254;12;4
1255;1237;8
1255;1169;1
1256;509;1
1257;1260;1
1257;148;6
1257;1946;9
1258;1103;1
1258;1722;5
1259;180;10
1261;1445;4
1262;644;3
1262;36;8
1263;745;5
1264;1479;0
1264;1465;2
1265;590;2
1266;810;1
1266;571;6
1267;464;7
1269;39;4
1269;1123;6
1269;1188;6
1270;650;2
1271;1857;7
1272;107;10
1272;1286;1
1277;1130;6
1279;833;8
1280;413;8
1280;493;5
1281;988;10
1281;1045;7
1283;1970;7
1283;1822;3
1284;124;9
1284;838;9
1284;1073;5
1285;586;7
1285;903;7
1287;1155;0
1287;643;6
1288;1386;3
1289;450;4
1289;1385;10
1289;1342;10
1290;822;0
1290;1489;7
1291;1787;6
1291;1828;4
1292;885;4
1293;615;7
1294;1231;8
1294;1367;5
1295;305;6
1297;1880;1
1297;1676;0
1299;1778;1
1300;910;6
1300;1616;3
1301;811;10
1302;1726;2
1302;1467;3
1303;522;4
1306;1407;9
1306;1234;6
1307;1410;9
1307;810;7
1308;588;1
1309;322;6
1309;84;6
1310;865;6
1312;620;0
1313;1778;7
1313;818;9
1313;121;3
1313;1225;3
1314;771;0
1314;282;0
1318;1073;1
1319;66;4
1319;913;8
1321;1406;6
1322;1364;5
1322;1796;1
1323;1222;7
1324;811;5
1324;1377;9
1324;199;9
1325;1480;10
1325;648;6
1327;1452;9
1327;1665;10
1330;1901;6
1330;142;0
1330;1538;2
1332;769;6
1333;1307;1
1333;1858;9
1333;1954;6
1334;679;7
1335;382;8
1335;1870;8
1337;142;1
1338;1103;4
1339;1794;4
1340;1386;2
1341;980;4
1344;728;6
1344;394;1
1344;204;3
1344;522;10
1345;1799;10
1345;1389;7
1346;1701;1
1346;303;1
1346;224;4
1347;256;6
1347;382;2
1347;1217;8
1348;1738;1
1348;1155;2
1349;454;0
1349;1619;0
1351;237;6
1351;625;0
1351;526;6
1351;1220;8
1352;3;2
1353;1478;10
1354;392;8
1356;1391;9
1357;1001;9
1357;335;3
1358;1936;5
1358;1859;5
1359;197;1
1359;1134;6
1360;1285;2
1361;389;3
1362;1929;8
1362;1359;6
1363;879;8
1365;1059;5
1365;223;0
1365;142;6
1365;1227;9
1365;1623;8
1367;658;5
1367;856;6
1368;489;2
1368;1541;7
1369;795;0
1369;965;9
1369;156;3
1370;1892;9
1370;1461;6
1372;1755;0
1372;466;4
1373;441;5
1375;1905;6
1375;334;1
1376;715;6
1378;953;1
1380;316;6
1381;477;3
1381;1792;2
1381;1515;1
1383;1601;7
1383;1405;3
1384;1413;1
1384;1309;6
1386;206;1
1386;568;9
1387;810;10
1388;1067;3
1389;379;9
1389;121;2
1390;1233;10
1390;369;2
1390;555;9
1390;1887;6
1391;1675;5
1391;1468;6
1391;1010;10
1392;954;3
1392;1167;6
1393;657;8
1393;864;3
1394;554;3
1396;1208;8
1396;1034;8
1397;703;0
1398;935;7
1398;1;3
1399;495;9
1399;541;6
1400;916;9
1402;1162;10
1402;1794;7
1402;1198;3
1404;1054;5
1404;1709;10
1404;1821;8
1407;1462;7
1408;1613;8
1409;64;9
1410;1260;9
1410;1629;0
1410;1188;10
1411;1651;8
1411;937;7
1412;279;4
1413;53;5
1414;704;1
1416;1656;9
1417;1358;10
1418;1794;5
1419;1478;8
1419;1608;5
1419;1419;10
1420;734;8
1423;1355;9
1423;1871;6
1424;956;3
1424;348;9
1426;361;2
1428;947;8
1429;478;2
1430;1556;6
1431;1724;8
1432;1031;4
1432;777;5
1432;809;0
1433;1765;7
1434;772;6
1434;760;7
1434;1586;10
1434;898;0
1436;1112;7
1436;268;5
1436;1020;6
1438;1681;7
1438;1851;9
1438;952;9
1439;790;5
1439;1095;5
1440;416;0
1440;1384;10
1440;813;2
1441;1924;1
1441;1697;0
1441;1378;1
1442;952;7
1443;1269;3
1444;161;6
1445;193;9
1446;1416;9
1446;935;2
1447;893;9
1448;675;3
1449;111;10
1450;1985;6
1452;355;4
1452;1681;4
1454;1054;7
1455;1854;7
1455;722;7
1457;869;7
1457;592;0
1457;1980;1
1457;1088;4
1458;1967;10
1459;1113;5
1459;633;0
1460;1881;1
1461;1174;8
1463;1030;7
1463;290;9
1463;1629;2
1465;1259;7
1466;932;7
1466;529;9
1467;1407;5
1468;1848;0
1469;366;1
1470;1458;7
1471;1715;2
1471;87;10
1471;119;3
1473;1724;5
1473;1226;4
1474;1032;2
1476;1879;4
1476;953;9
1476;1576;9
1477;1050;10
1478;1217;5
1478;1366;9
1478;196;0
1479;1144;0
1482;1992;6
1482;1040;8
1482;410;3
1483;593;0
1484;1532;6
1484;8;7
1485;632;7
1486;1614;2
1488;1735;10
1488;122;7
1490;1385;0
1491;983;8
1491;171;3
1491;990;7
1492;746;5
1493;977;6
1493;894;1
1494;838;6
1494;308;3
1495;1286;5
1495;1114;3
1496;722;10
1496;1281;2
1496;214;2
1497;1189;9
1497;590;3
1499;556;0
1499;1855;6
1499;1269;3
1501;1921;8
1502;780;0
1502;1997;4
1503;29;6
1503;211;7
1503;1259;3
1504;519;4
1504;1753;3
1505;380;7
1506;164;0
1507;929;7
1507;474;8
1508;1696;3
1509;1200;7
1510;1276;6
1511;1158;10
1512;1211;1
1513;152;5
1514;1256;6
1514;857;1
1515;426;10
1515;1204;3
1516;1398;7
1516;1377;2
1518;298;10
1518;1269;9
1519;1750;2
1519;933;3
1520;244;4
1522;610;6
1522;1908;10
1523;874;5
1523;1253;6
1524;1289;7
1526;745;5
1527;1728;9
1527;55;0
1527;1381;5
1528;250;2
1529;1705;10
1529;862;8
1529;1798;5
1529;730;4
1529;1917;0
1531;757;3
1531;1540;9
1531;675;2
1532;1466;7
1533;384;6
1534;1957;2
1534;1666;5
1538;1251;6
1539;217;6
1539;553;9
1541;117;0
1541;1340;3
1543;942;7
1543;678;9
1544;444;1
1545;1623;8
1547;1572;5
1547;740;7
1547;1695;10
1547;60;10
1547;614;0
1548;251;1
1549;486;1
1549;1882;0
1549;1305;8
1550;281;10
1550;1966;8
1552;1224;3
1552;68;1
1552;1297;9
1553;1402;3
1553;806;1
1554;1705;8
1554;581;3
1555;367;0
1555;1905;9
1555;1532;3
1556;1625;8
1556;1913;4
1556;1043;6
1557;918;9
1557;1341;3
1557;65;1
1557;1051;6
1561;1950;2
1561;632;3
1563;1622;2
1563;600;0
1563;241;10
1564;438;9
1566;211;4
1566;1391;5
1567;719;10
1570;848;9
1570;1715;0
1571;412;9
1571;920;9
1571;637;6
1572;553;5
1572;241;7
1573;1077;1
1574;318;7
1574;1410;4
1574;738;1
1576;726;3
1576;445;9
1576;1505;1
1576;1055;5
1576;133;8
1576;839;2
1578;1607;4
1578;1975;6
1578;1640;8
1578;375;9
1578;1985;6
1579;1681;5
1579;863;6
1580;625;0
1581;429;10
1581;1178;10
1582;122;8
1582;937;3
1583;1178;1
1584;198;9
1584;22;0
1584;1485;2
1584;1674;8
1584;1470;9
1585;1315;5
1585;461;4
1585;892;6
1585;1969;6
1586;1083;10
1587;114;9
1589;1296;5
1589;980;4
1589;967;4
1589;329;7
1591;896;4
1592;1749;0
1593;176;1
1594;372;3
1597;365;10
1598;1712;6
1599;400;7
1600;1389;7
1601;1794;4
1602;858;8
1602;1646;8
1603;1344;0
1603;1733;5
1603;1411;9
1604;452;2
1604;1791;9
1604;1841;6
1604;1606;0
1605;1456;10
1605;1803;4
1606;1350;1
1607;995;1
1607;1884;7
1607;1582;5
1607;572;2
1607;388;2
1609;1726;10
1610;222;3
1611;9;10
1611;686;1
1611;1670;8
1613;1929;9
1614;450;10
1614;934;3
1614;677;10
1615;1502;2
1615;1762;9
1615;309;9
1615;1143;2
1619;1114;9
1619;1526;5
1622;1548;1
1622;1589;5
1623;675;0
1626;240;6
1626;485;6
1627;1866;10
1627;1501;6
1630;672;10
1631;542;8
1633;345;3
1633;1557;1
1633;1018;4
1634;547;8
1634;183;5
1636;1742;3
1636;1140;3
1636;574;8
1636;1891;6
1637;568;7
1638;188;5
1639;730;6
1640;1243;5
1641;751;6
1642;1188;7
1643;1368;9
1643;932;3
1643;1056;2
1645;1120;0
1647;1802;5
1647;488;3
1648;1546;7
1649;141;5
1649;1121;7
1650;1009;10
1651;1049;1
1651;700;7
1651;1069;5
1652;1340;5
1654;1627;1
1655;1585;3
1655;1230;0
1655;1429;1
1656;1293;4
1656;1203;0
1657;778;4
1657;1856;0
1658;475;3
1658;1753;3
1658;225;9
1660;61;10
1660;203;1
1662;1804;2
1662;919;8
1662;114;6
1663;207;0
1664;310;2
1664;1462;2
1664;295;5
1665;558;7
1665;1993;3
1665;1707;7
1665;1317;4
1665;1718;4
1666;916;4
1666;1986;5
1667;754;5
1668;947;8
1668;1563;7
1668;281;0
1668;688;0
1669;680;2
1670;1667;5
1670;1400;3
1671;1019;0
1671;1390;4
1675;40;2
1676;1009;1
1678;1673;10
1678;944;3
1683;1930;8
1684;1885;10
1684;66;10
1688;1400;10
1688;1920;4
1688;1555;3
1689;1893;6
1689;1889;4
1690;1630;3
1690;893;0
1691;134;6
1691;1847;10
1692;801;10
1692;360;5
1693;434;9
1693;271;5
1694;624;9
1694;1759;2
1694;1564;3
1695;1304;3
1698;280;6
1698;218;2
1699;1702;7
1700;1370;7
1701;1818;8
1702;917;0
1702;540;8
1703;1207;0
1704;260;7
1706;1706;1
1708;753;4
1708;1991;4
1708;1615;0
1708;1836;5
1709;1058;6
1711;1611;4
1711;54;2
1711;1507;0
1712;826;9
1713;67;6
1713;908;7
1714;1548;4
1717;1939;0
1718;36;2
1719;1793;10
1719;101;6
1719;1044;8
1719;1622;1
1721;606;3
1721;1527;3
1722;1534;5
1722;851;1
1722;106;8
1723;419;7
1724;1897;2
1724;1640;2
1724;1599;0
1724;337;8
1724;1891;8
1725;1072;1
1726;1416;10
1727;644;6
1728;1318;4
1728;1427;8
1729;335;4
1730;729;3
1730;72;4
1731;1575;0
1731;1893;10
1733;1322;2
1733;27;2
1733;1539;0
1734;1057;2
1735;1639;3
1736;1836;8
1736;1315;6
1739;925;10
1739;430;9
1740;250;1
1740;885;5
1741;107;3
1742;848;9
1743;1457;2
1744;1226;0
1745;916;3
1746;476;7
1747;1754;1
1747;361;4
1747;706;5
1749;1007;3
1749;1870;2
1749;950;4
1752;1750;1
1752;1630;2
1752;1417;6
1752;544;8
1752;528;5
1755;602;2
1755;1939;2
1756;161;5
1757;1334;6
1758;117;4
1758;891;4
1758;776;10
1760;1218;0
1760;1729;2
1760;645;3
1761;132;7
1761;1035;7
1762;592;9
1762;924;5
1762;26;5
1763;1674;6
1763;714;9
1763;44;1
1764;959;7
1765;568;3
1767;539;10
1767;994;2
1767;1405;7
1768;1738;9
1769;1259;5
1769;739;9
1769;1721;6
1771;1916;10
1771;1322;5
1771;702;7
1771;924;5
1773;470;0
1773;1127;5
1775;1181;9
1775;169;8
1776;1928;2
1777;83;5
1777;1505;3
1778;620;2
1778;1371;2
1779;997;1
1779;805;10
1780;746;6
1782;1246;9
1783;1579;0
1783;1796;4
1784;679;5
1784;195;7
1786;994;6
1786;942;2
1788;577;10
1789;1046;6
1791;1597;1
1791;1695;5
1793;1785;3
1793;550;3
1793;1233;6
1794;1697;5
1794;344;1
1795;1742;3
1795;1561;10
1796;174;3
1797;1470;7
1797;1269;0
1797;135;3
1798;1428;10
1798;102;5
1798;1807;8
1801;772;7
1801;1720;5
1802;551;0
1803;269;1
1804;362;1
1804;1264;9
1805;756;0
1806;1523;5
1806;275;10
1806;1930;8
1807;1025;3
1808;1595;7
1809;426;4
1809;409;1
1810;1637;10
1811;328;9
1811;12;8
1813;1295;0
1814;1665;3
1814;470;2
1814;842;0
1815;233;6
1816;928;0
1816;1698;3
1816;906;9
1816;1605;5
1817;1635;0
1818;642;2
1818;1602;6
1819;130;10
1819;1448;7
1820;179;3
1821;1427;1
1822;188;8
1822;1560;8
1823;240;4
1823;1142;6
1825;1217;10
1825;1954;2
1827;1821;3
1827;1687;3
1828;337;4
1829;1871;8
1829;1504;2
1829;825;0
1830;661;0
1830;1447;2
1831;378;1
1831;1330;6
1832;57;2
1833;1502;7
1833;568;0
1833;755;0
1834;1326;2
1835;1067;1
1835;600;1
1836;1434;6
1836;1929;7
1836;1554;1
1837;893;5
1838;1328;4
1838;387;7
1838;1615;0
1838;504;10
1839;1709;10
1839;1405;2
1839;1054;0
1840;1886;0
1841;707;0
1842;257;2
1843;1633;2
1843;1974;4
1844;107;10
1844;866;4
1844;1845;5
1845;583;10
1845;1985;10
1846;52;3
1848;1949;7
1849;702;2
1850;81;0
1850;2;6
1850;234;5
1851;1237;10
1851;136;7
1852;148;0
1852;7;10
1853;595;10
1855;498;7
1855;750;10
1856;1542;8
1858;1256;5
1858;1777;6
1859;1998;7
1859;1912;2
1859;1503;8
1860;1871;6
1862;430;7
1863;974;10
1865;1990;10
1865;738;8
1865;1978;6
1866;324;2
1867;641;4
1868;333;6
1869;1047;8
1870;1934;5
1870;44;3
1870;427;0
1870;1254;6
1871;1896;9
1871;546;6
1871;1561;1
1874;819;0
1874;133;4
1875;1728;4
1875;1692;8
1877;1378;5
1877;1907;8
1878;1023;3
1878;898;2
1878;1769;2
1878;1554;8
1878;1142;9
1878;257;9
1878;1044;6
1879;848;0
1880;528;7
1880;1233;9
1881;19;3
1882;1260;0
1882;1791;1
1882;298;5
1883;779;1
1883;653;8
1884;966;9
1885;1755;0
1886;357;2
1887;402;3
1887;944;2
1889;340;10
1889;4;8
1890;1520;10
1890;1690;8
1890;691;7
1891;36;0
1892;750;5
1893;178;9
1893;1623;5
1893;1916;4
1893;295;0
1893;171;9
1893;812;2
1894;1094;9
1894;706;3
1894;635;1
1894;528;10
1896;535;9
1897;953;6
1897;1987;7
1897;1348;7
1897;578;10
1899;767;8
1900;1941;3
1902;343;10
1903;403;7
1903;918;9
1905;158;0
1905;1949;9
1906;956;4
1910;740;5
1911;1183;6
1911;857;5
1912;174;0
1914;1043;1
1915;1857;3
1916;1354;2
1916;1732;1
1917;1811;8
1918;551;10
1918;668;5
1918;1405;10
1919;1517;0
1919;1404;6
1919;1620;0
1920;189;10
1920;1925;6
1920;832;6
1921;1087;4
1921;335;7
1922;1564;10
1922;578;7
1923;1117;5
1923;45;6
1924;1559;1
1924;531;8
1925;771;5
1926;1464;9
1928;1607;1
1929;1027;7
1929;1437;9
1929;1639;8
1930;1395;5
1930;1233;6
1932;1227;9
1935;778;6
1936;988;2
1936;1608;6
1936;282;7
1936;176;4
1937;1724;10
1939;865;3
1941;628;3
1941;258;0
1942;1693;2
1944;441;4
1946;908;1
1946;594;6
1946;1031;7
1947;1877;2
1948;1582;6
1948;977;3
1948;22;7
1950;1881;1
1950;1465;10
1951;1569;9
1951;1290;7
1952;978;9
1953;417;1
1953;1764;1
1954;1641;7
1956;1450;3
1956;1536;1
1956;1877;0
1958;1087;6
1959;1908;6
1961;472;8
1961;781;2
1962;1248;7
1962;814;6
1963;951;10
1964;1483;10
1964;302;8
1964;387;0
1965;212;9
1966;1664;7
1966;1398;0
1968;1663;9
1968;1863;0
1968;319;1
1969;1397;9
1970;1176;4
1970;496;7
1970;183;4
1971;1318;9
1971;347;1
1973;62;10
1974;1052;0
1975;1941;7
1975;857;2
1977;1654;1
1978;330;5
1978;1165;3
1980;1664;1
1980;218;0
1981;1726;0
1981;1313;9
1981;988;9
1983;276;3
1983;1094;10
1984;520;7
1984;1792;6
1984;156;1
1985;794;3
1985;467;2
1985;1909;0
1986;1147;6
1986;820;8
1988;1698;7
1988;8;3
1988;1847;3
1990;120;4
1991;551;9
1992;1806;5
1993;1475;6
1995;1881;3
1996;1351;1
1997;1364;3
1998;1399;6
1998;1337;7
1998;1517;2
1999;1782;9
2000;958;6
